Layers,BatchSize,ConvSize,TotalTime,MeanTime
4,1,3,7.354905843734741,0.7354905843734741
4,1,5,13.762737035751343,1.3762737035751342
4,1,8,16.250728130340576,1.6250728130340577
